slices,algosol,runtime
10,GREEDY_SE,0.8457014
15,GREEDY_SE,0.8166063
20,GREEDY_SE,0.8200678
5,GREEDY_SE,0.9377554
10,ILP_SE,21.77601027
15,ILP_SE,17.55387974
20,ILP_SE,55.02667189
5,ILP_SE,8.700803995
